{"train/exact_accuracy":0.7136752009391785,"train/lr":9.999999747378752e-05,"val/steps":16,"grad/lm_head":0.014653085730969906,"_runtime":1583,"val/lm_loss":0.09773674607276917,"train/q_halt_accuracy":0.7905982732772827,"train/q_halt_loss":0.2626725435256958,"trainer/global_step":7499,"grad/q_head":0.16245675086975098,"_timestamp":1.767687349417962e+09,"val/exact_accuracy":0.7942708134651184,"train/lm_loss":0.2998450342566111,"epoch":499,"grad/total_norm":1.1570795774459839,"val/loss":0.2336626797914505,"train/steps":3.730769157409668,"val/q_halt_accuracy":0.869140625,"val/q_halt_loss":0.27185186743736267,"train/early_halt_rate":1,"val/accuracy":0.9678702354431152,"train/accuracy":0.9604989290237427,"_wandb":{"runtime":1583},"_step":199,"grad/last_mlp":0.2844395041465759}