epoch,grad/last_mlp,grad/lm_head,grad/q_head,grad/total_norm,step,train/accuracy,train/early_halt_rate,train/exact_accuracy,train/lm_loss,train/lr,train/q_halt_accuracy,train/q_halt_loss,train/steps,val/accuracy,val/exact_accuracy,val/lm_loss,val/loss,val/q_halt_accuracy,val/q_halt_loss,val/steps
2,0.3331453204154968,0.2698439359664917,0.007635247893631458,0.8679726123809814,49,0.11697635799646378,0.0,0.0,2.3397552816950373,2.4500000108673703e-06,1.0,0.006715297698974609,16.0,,,,,,,
5,0.32584914565086365,0.25648432970046997,0.007637068163603544,0.849225640296936,99,0.13513514399528503,0.0,0.0,2.2970339685441044,4.949999947712058e-06,1.0,0.006714493036270142,16.0,,,,,,,
7,0.3173527419567108,0.25640198588371277,0.0076283859089016914,0.8383767008781433,149,0.13999156653881073,0.0,0.0,2.2346493274924444,7.449999884556746e-06,1.0,0.006636440753936768,16.0,,,,,,,
9,,,,,189,,,,,,,,,0.11606138199567795,0.0,2.3504159450531006,2.353773355484009,1.0,0.006715297698974609,16.0
