{"train/lr":9.999999747378752e-05,"val/exact_accuracy":0.7708333134651184,"grad/lm_head":0.010875547304749489,"_runtime":1601,"grad/total_norm":0.6481132507324219,"_wandb":{"runtime":1601},"epoch":499,"val/q_halt_loss":0.2711818516254425,"grad/q_head":0.15984080731868744,"val/steps":16,"trainer/global_step":7499,"train/q_halt_loss":0.2663591802120209,"train/exact_accuracy":0.715976357460022,"train/accuracy":0.9446665644645691,"train/early_halt_rate":1,"train/lm_loss":0.33122406930975534,"train/steps":4.112425804138184,"val/accuracy":0.9639288783073425,"train/q_halt_accuracy":0.834319531917572,"_timestamp":1.767707294273962e+09,"grad/last_mlp":0.12643158435821533,"_step":199,"val/loss":0.23403291404247284,"val/q_halt_accuracy":0.8619791865348816,"val/lm_loss":0.0984419584274292}