{"trainer/global_step":999,"train/exact_accuracy":0,"_timestamp":1.7676243259188085e+09,"val/steps":16,"grad/last_mlp":1.019810676574707,"grad/lm_head":0.46624094247817993,"_wandb":{"runtime":1332},"val/exact_accuracy":0,"_step":69,"train/q_halt_loss":0.0011061429977416992,"val/q_halt_loss":0.0055937692523002625,"train/early_halt_rate":0,"epoch":499,"train/q_halt_accuracy":1,"train/accuracy":0.5735294222831726,"val/loss":1.780300259590149,"_runtime":1332,"grad/q_head":2.804572105407715,"train/lr":4.994999835616909e-05,"grad/total_norm":3.917917490005493,"val/lm_loss":1.7775033712387085,"train/steps":16,"train/lm_loss":1.0560678472604257,"val/accuracy":0.3235294222831726,"val/q_halt_accuracy":1}