{"_wandb":{"runtime":327},"val/loss":2.0911130905151367,"val/q_halt_accuracy":1,"train/lm_loss":0.6855884445565762,"trainer/global_step":899,"val/q_halt_loss":0.003787851892411709,"_runtime":327,"val/lm_loss":2.089219093322754,"train/q_halt_accuracy":1,"epoch":99,"grad/last_mlp":0.0468294583261013,"grad/total_norm":0.1478184312582016,"val/accuracy":0.3026629090309143,"_timestamp":1.7676845715509257e+09,"train/accuracy":0.7625285387039185,"grad/lm_head":0.05581996589899063,"train/early_halt_rate":0,"_step":27,"grad/q_head":0.0013620902318507433,"train/lr":4.495000030146912e-05,"train/exact_accuracy":0,"val/exact_accuracy":0,"val/steps":16,"train/q_halt_loss":0.00024650245904922485,"train/steps":16}