epoch,grad/last_mlp,grad/lm_head,grad/q_head,grad/total_norm,step,train/accuracy,train/early_halt_rate,train/exact_accuracy,train/lm_loss,train/lr,train/q_halt_accuracy,train/q_halt_loss,train/steps
2,0.2164241522550583,0.14223060011863708,0.004237447865307331,0.3307343125343323,49,0.1084248349070549,0.0,0.0,2.3498515156766366,2.4500000108673703e-06,1.0,0.006714986637234688,16.0
