{"val/exact_accuracy":0.6223958134651184,"train/early_halt_rate":1,"trainer/global_step":2999,"val/accuracy":0.9355996251106262,"train/q_halt_loss":0.098722442984581,"_wandb":{"runtime":1357},"_timestamp":1.7684716434996011e+09,"grad/q_head":0.3671548664569855,"val/loss":0.7219164967536926,"val/q_halt_loss":0.7622378468513489,"train/lm_loss":0.03480291021013476,"train/q_halt_accuracy":0.9619326591491699,"val/q_halt_accuracy":0.6614583134651184,"epoch":499,"val/lm_loss":0.3407975733280182,"train/accuracy":0.9964386224746704,"_step":109,"train/exact_accuracy":0.9619326591491699,"grad/lm_head":0.007449709810316563,"val/steps":16,"_runtime":1357,"grad/last_mlp":0.7461919188499451,"grad/total_norm":2.115833044052124,"train/lr":9.999999747378752e-05,"train/steps":1.1273791790008545}